COUNTRY_CODE,AVERAGE_BILL
RSA,254.61333333
RW,228.69615385
ZWE,241.29490196
BW,234.32670270
ZM,245.39485981
